[
    {
        "Map_iframe": "<iframe src= \"  https://www.google.com/maps/embed/v1/place?key=AIzaSyD9AQGmDP8MkQdi9mHGDy3lMKQQ6Zj_kDg&q=%E6%9D%B1%E5%A4%A7%E5%8D%97%E5%85%90%E7%AB%A5%E9%81%8A%E5%9C%92  \" width=\"600\" height=\"450\" style=\"border:0;\" allowfullscreen=\"\" loading=\"lazy\"    referrerpolicy=\"no-referrer-when-downgrade\"></iframe>"
    },
    {
        "Map_iframe": "<iframe src= \"  https://www.google.com/maps/embed/v1/place?key=AIzaSyD9AQGmDP8MkQdi9mHGDy3lMKQQ6Zj_kDg&q=%E6%96%B0%E6%B5%B7%E9%81%93%E5%85%90%E7%AB%A5%E9%81%8A%E5%9C%92  \" width=\"600\" height=\"450\" style=\"border:0;\" allowfullscreen=\"\" loading=\"lazy\"    referrerpolicy=\"no-referrer-when-downgrade\"></iframe>"
    },
    {
        "Map_iframe": "<iframe src= \"  https://www.google.com/maps/embed/v1/place?key=AIzaSyD9AQGmDP8MkQdi9mHGDy3lMKQQ6Zj_kDg&q=%E6%AE%8B%E5%A0%80%E5%85%90%E7%AB%A5%E9%81%8A%E5%9C%92  \" width=\"600\" height=\"450\" style=\"border:0;\" allowfullscreen=\"\" loading=\"lazy\"    referrerpolicy=\"no-referrer-when-downgrade\"></iframe>"
    },
    {
        "Map_iframe": "<iframe src= \"  https://www.google.com/maps/embed/v1/place?key=AIzaSyD9AQGmDP8MkQdi9mHGDy3lMKQQ6Zj_kDg&q=%E5%A4%A7%E9%81%93%E5%85%90%E7%AB%A5%E9%81%8A%E5%9C%92  \" width=\"600\" height=\"450\" style=\"border:0;\" allowfullscreen=\"\" loading=\"lazy\"    referrerpolicy=\"no-referrer-when-downgrade\"></iframe>"
    },
    {
        "Map_iframe": "<iframe src= \"  https://www.google.com/maps/embed/v1/place?key=AIzaSyD9AQGmDP8MkQdi9mHGDy3lMKQQ6Zj_kDg&q=%E5%AD%A6%E5%9C%92%E5%85%90%E7%AB%A5%E9%81%8A%E5%9C%92  \" width=\"600\" height=\"450\" style=\"border:0;\" allowfullscreen=\"\" loading=\"lazy\"    referrerpolicy=\"no-referrer-when-downgrade\"></iframe>"
    },
    {
        "Map_iframe": "<iframe src= \"  https://www.google.com/maps/embed/v1/place?key=AIzaSyD9AQGmDP8MkQdi9mHGDy3lMKQQ6Zj_kDg&q=%E4%B8%89%E3%83%84%E8%97%A4%E5%85%90%E7%AB%A5%E9%81%8A%E5%9C%92  \" width=\"600\" height=\"450\" style=\"border:0;\" allowfullscreen=\"\" loading=\"lazy\"    referrerpolicy=\"no-referrer-when-downgrade\"></iframe>"
    },
    {
        "Map_iframe": "<iframe src= \"  https://www.google.com/maps/embed/v1/place?key=AIzaSyD9AQGmDP8MkQdi9mHGDy3lMKQQ6Zj_kDg&q=%E5%A4%A7%E5%8D%97%E4%B8%80%E4%B8%81%E7%9B%AE%E5%85%90%E7%AB%A5%E9%81%8A%E5%9C%92  \" width=\"600\" height=\"450\" style=\"border:0;\" allowfullscreen=\"\" loading=\"lazy\"    referrerpolicy=\"no-referrer-when-downgrade\"></iframe>"
    },
    {
        "Map_iframe": "<iframe src= \"  https://www.google.com/maps/embed/v1/place?key=AIzaSyD9AQGmDP8MkQdi9mHGDy3lMKQQ6Zj_kDg&q=%E5%A4%A7%E5%8D%97%E4%B8%89%E4%B8%81%E7%9B%AE%E5%85%90%E7%AB%A5%E9%81%8A%E5%9C%92  \" width=\"600\" height=\"450\" style=\"border:0;\" allowfullscreen=\"\" loading=\"lazy\"    referrerpolicy=\"no-referrer-when-downgrade\"></iframe>"
    },
    {
        "Map_iframe": "<iframe src= \"  https://www.google.com/maps/embed/v1/place?key=AIzaSyD9AQGmDP8MkQdi9mHGDy3lMKQQ6Zj_kDg&q=%E6%A8%AA%E7%94%B0%E5%85%90%E7%AB%A5%E9%81%8A%E5%9C%92  \" width=\"600\" height=\"450\" style=\"border:0;\" allowfullscreen=\"\" loading=\"lazy\"    referrerpolicy=\"no-referrer-when-downgrade\"></iframe>"
    },
    {
        "Map_iframe": "<iframe src= \"  https://www.google.com/maps/embed/v1/place?key=AIzaSyD9AQGmDP8MkQdi9mHGDy3lMKQQ6Zj_kDg&q=%E4%B8%AD%E5%8E%9F%E4%B8%89%E4%B8%81%E7%9B%AE%E5%8C%97%E5%85%90%E7%AB%A5%E9%81%8A%E5%9C%92  \" width=\"600\" height=\"450\" style=\"border:0;\" allowfullscreen=\"\" loading=\"lazy\"    referrerpolicy=\"no-referrer-when-downgrade\"></iframe>"
    },
    {
        "Map_iframe": "<iframe src= \"  https://www.google.com/maps/embed/v1/place?key=AIzaSyD9AQGmDP8MkQdi9mHGDy3lMKQQ6Zj_kDg&q=%E4%B8%AD%E5%8E%9F%E4%B8%89%E4%B8%81%E7%9B%AE%E4%B8%AD%E5%A4%AE%E5%85%90%E7%AB%A5%E9%81%8A%E5%9C%92  \" width=\"600\" height=\"450\" style=\"border:0;\" allowfullscreen=\"\" loading=\"lazy\"    referrerpolicy=\"no-referrer-when-downgrade\"></iframe>"
    },
    {
        "Map_iframe": "<iframe src= \"  https://www.google.com/maps/embed/v1/place?key=AIzaSyD9AQGmDP8MkQdi9mHGDy3lMKQQ6Zj_kDg&q=%E4%B8%AD%E5%8E%9F%E7%B5%8C%E5%A1%9A%E5%90%91%E5%85%90%E7%AB%A5%E9%81%8A%E5%9C%92  \" width=\"600\" height=\"450\" style=\"border:0;\" allowfullscreen=\"\" loading=\"lazy\"    referrerpolicy=\"no-referrer-when-downgrade\"></iframe>"
    },
    {
        "Map_iframe": "<iframe src= \"  https://www.google.com/maps/embed/v1/place?key=AIzaSyD9AQGmDP8MkQdi9mHGDy3lMKQQ6Zj_kDg&q=%E5%AD%A6%E5%9C%92%E5%9B%9B%E4%B8%81%E7%9B%AE%E8%A5%BF%E5%85%90%E7%AB%A5%E9%81%8A%E5%9C%92  \" width=\"600\" height=\"450\" style=\"border:0;\" allowfullscreen=\"\" loading=\"lazy\"    referrerpolicy=\"no-referrer-when-downgrade\"></iframe>"
    },
    {
        "Map_iframe": "<iframe src= \"  https://www.google.com/maps/embed/v1/place?key=AIzaSyD9AQGmDP8MkQdi9mHGDy3lMKQQ6Zj_kDg&q=%E4%BC%8A%E5%A5%88%E5%B9%B3%E5%9B%9B%E4%B8%81%E7%9B%AE%E5%85%90%E7%AB%A5%E9%81%8A%E5%9C%92  \" width=\"600\" height=\"450\" style=\"border:0;\" allowfullscreen=\"\" loading=\"lazy\"    referrerpolicy=\"no-referrer-when-downgrade\"></iframe>"
    },
    {
        "Map_iframe": "<iframe src= \"  https://www.google.com/maps/embed/v1/place?key=AIzaSyD9AQGmDP8MkQdi9mHGDy3lMKQQ6Zj_kDg&q=%E5%B1%B1%E7%8E%8B%E6%A3%AE%E5%85%AC%E5%9C%92  \" width=\"600\" height=\"450\" style=\"border:0;\" allowfullscreen=\"\" loading=\"lazy\"    referrerpolicy=\"no-referrer-when-downgrade\"></iframe>"
    },
    {
        "Map_iframe": "<iframe src= \"  https://www.google.com/maps/embed/v1/place?key=AIzaSyD9AQGmDP8MkQdi9mHGDy3lMKQQ6Zj_kDg&q=%E9%9B%B7%E5%A1%9A%E5%85%AC%E5%9C%92  \" width=\"600\" height=\"450\" style=\"border:0;\" allowfullscreen=\"\" loading=\"lazy\"    referrerpolicy=\"no-referrer-when-downgrade\"></iframe>"
    },
    {
        "Map_iframe": "<iframe src= \"  https://www.google.com/maps/embed/v1/place?key=AIzaSyD9AQGmDP8MkQdi9mHGDy3lMKQQ6Zj_kDg&q=%E3%82%AA%E3%82%AB%E3%83%8D%E5%A1%9A%E5%85%AC%E5%9C%92  \" width=\"600\" height=\"450\" style=\"border:0;\" allowfullscreen=\"\" loading=\"lazy\"    referrerpolicy=\"no-referrer-when-downgrade\"></iframe>"
    },
    {
        "Map_iframe": "<iframe src= \"  https://www.google.com/maps/embed/v1/place?key=AIzaSyD9AQGmDP8MkQdi9mHGDy3lMKQQ6Zj_kDg&q=%E5%A4%A7%E5%8D%97%E5%85%AC%E5%9C%92  \" width=\"600\" height=\"450\" style=\"border:0;\" allowfullscreen=\"\" loading=\"lazy\"    referrerpolicy=\"no-referrer-when-downgrade\"></iframe>"
    },
    {
        "Map_iframe": "<iframe src= \"  https://www.google.com/maps/embed/v1/place?key=AIzaSyD9AQGmDP8MkQdi9mHGDy3lMKQQ6Zj_kDg&q=%E5%8D%81%E4%BA%8C%E6%89%80%E7%A5%9E%E7%A4%BE%E5%85%AC%E5%9C%92  \" width=\"600\" height=\"450\" style=\"border:0;\" allowfullscreen=\"\" loading=\"lazy\"    referrerpolicy=\"no-referrer-when-downgrade\"></iframe>"
    },
    {
        "Map_iframe": "<iframe src= \"  https://www.google.com/maps/embed/v1/place?key=AIzaSyD9AQGmDP8MkQdi9mHGDy3lMKQQ6Zj_kDg&q=%E5%90%91%E5%B1%B1%E5%85%AC%E5%9C%92  \" width=\"600\" height=\"450\" style=\"border:0;\" allowfullscreen=\"\" loading=\"lazy\"    referrerpolicy=\"no-referrer-when-downgrade\"></iframe>"
    },
    {
        "Map_iframe": "<iframe src= \"  https://www.google.com/maps/embed/v1/place?key=AIzaSyD9AQGmDP8MkQdi9mHGDy3lMKQQ6Zj_kDg&q=%E4%BC%8A%E5%A5%88%E5%B9%B3%E5%85%AC%E5%9C%92  \" width=\"600\" height=\"450\" style=\"border:0;\" allowfullscreen=\"\" loading=\"lazy\"    referrerpolicy=\"no-referrer-when-downgrade\"></iframe>"
    },
    {
        "Map_iframe": "<iframe src= \"  https://www.google.com/maps/embed/v1/place?key=AIzaSyD9AQGmDP8MkQdi9mHGDy3lMKQQ6Zj_kDg&q=%E9%87%8E%E5%B1%B1%E5%8C%97%E5%85%AC%E5%9C%92  \" width=\"600\" height=\"450\" style=\"border:0;\" allowfullscreen=\"\" loading=\"lazy\"    referrerpolicy=\"no-referrer-when-downgrade\"></iframe>"
    },
    {
        "Map_iframe": "<iframe src= \"  https://www.google.com/maps/embed/v1/place?key=AIzaSyD9AQGmDP8MkQdi9mHGDy3lMKQQ6Zj_kDg&q=%E7%B5%8C%E5%A1%9A%E5%90%91%E5%85%AC%E5%9C%92  \" width=\"600\" height=\"450\" style=\"border:0;\" allowfullscreen=\"\" loading=\"lazy\"    referrerpolicy=\"no-referrer-when-downgrade\"></iframe>"
    },
    {
        "Map_iframe": "<iframe src= \"  https://www.google.com/maps/embed/v1/place?key=AIzaSyD9AQGmDP8MkQdi9mHGDy3lMKQQ6Zj_kDg&q=%E4%B8%AD%E5%8E%9F%E5%85%AC%E5%9C%92  \" width=\"600\" height=\"450\" style=\"border:0;\" allowfullscreen=\"\" loading=\"lazy\"    referrerpolicy=\"no-referrer-when-downgrade\"></iframe>"
    },
    {
        "Map_iframe": "<iframe src= \"  https://www.google.com/maps/embed/v1/place?key=AIzaSyD9AQGmDP8MkQdi9mHGDy3lMKQQ6Zj_kDg&q=%E5%A4%A7%E5%8D%97%E6%9D%B1%E5%85%AC%E5%9C%92  \" width=\"600\" height=\"450\" style=\"border:0;\" allowfullscreen=\"\" loading=\"lazy\"    referrerpolicy=\"no-referrer-when-downgrade\"></iframe>"
    },
    {
        "Map_iframe": "<iframe src= \"  https://www.google.com/maps/embed/v1/place?key=AIzaSyD9AQGmDP8MkQdi9mHGDy3lMKQQ6Zj_kDg&q=%E4%B8%89%E3%83%84%E8%97%A4%E5%8D%97%E5%85%AC%E5%9C%92  \" width=\"600\" height=\"450\" style=\"border:0;\" allowfullscreen=\"\" loading=\"lazy\"    referrerpolicy=\"no-referrer-when-downgrade\"></iframe>"
    },
    {
        "Map_iframe": "<iframe src= \"  https://www.google.com/maps/embed/v1/place?key=AIzaSyD9AQGmDP8MkQdi9mHGDy3lMKQQ6Zj_kDg&q=%E7%B7%8F%E5%90%88%E9%81%8B%E5%8B%95%E5%85%AC%E5%9C%92  \" width=\"600\" height=\"450\" style=\"border:0;\" allowfullscreen=\"\" loading=\"lazy\"    referrerpolicy=\"no-referrer-when-downgrade\"></iframe>"
    },
    {
        "Map_iframe": "<iframe src= \"  https://www.google.com/maps/embed/v1/place?key=AIzaSyD9AQGmDP8MkQdi9mHGDy3lMKQQ6Zj_kDg&q=%E3%83%97%E3%83%AA%E3%83%B3%E3%82%B9%E3%81%AE%E4%B8%98%E5%85%AC%E5%9C%92  \" width=\"600\" height=\"450\" style=\"border:0;\" allowfullscreen=\"\" loading=\"lazy\"    referrerpolicy=\"no-referrer-when-downgrade\"></iframe>"
    },
    {
        "Map_iframe": "<iframe src= \"  https://www.google.com/maps/embed/v1/place?key=AIzaSyD9AQGmDP8MkQdi9mHGDy3lMKQQ6Zj_kDg&q=%E3%81%95%E3%81%84%E3%81%8B%E3%81%A1%E5%85%AC%E5%9C%92  \" width=\"600\" height=\"450\" style=\"border:0;\" allowfullscreen=\"\" loading=\"lazy\"    referrerpolicy=\"no-referrer-when-downgrade\"></iframe>"
    },
    {
        "Map_iframe": "<iframe src= \"  https://www.google.com/maps/embed/v1/place?key=AIzaSyD9AQGmDP8MkQdi9mHGDy3lMKQQ6Zj_kDg&q=%E5%BE%8C%E3%83%B6%E8%B0%B7%E6%88%B8%E9%81%8B%E5%8B%95%E5%BA%83%E5%A0%B4  \" width=\"600\" height=\"450\" style=\"border:0;\" allowfullscreen=\"\" loading=\"lazy\"    referrerpolicy=\"no-referrer-when-downgrade\"></iframe>"
    },
    {
        "Map_iframe": "<iframe src= \"  https://www.google.com/maps/embed/v1/place?key=AIzaSyD9AQGmDP8MkQdi9mHGDy3lMKQQ6Zj_kDg&q=%E5%85%A5%E3%82%8A%E9%81%8B%E5%8B%95%E5%BA%83%E5%A0%B4  \" width=\"600\" height=\"450\" style=\"border:0;\" allowfullscreen=\"\" loading=\"lazy\"    referrerpolicy=\"no-referrer-when-downgrade\"></iframe>"
    },
    {
        "Map_iframe": "<iframe src= \"  https://www.google.com/maps/embed/v1/place?key=AIzaSyD9AQGmDP8MkQdi9mHGDy3lMKQQ6Zj_kDg&q=%E5%B0%8F%E5%B1%B1%E5%86%85%E9%81%8B%E5%8B%95%E5%BA%83%E5%A0%B4  \" width=\"600\" height=\"450\" style=\"border:0;\" allowfullscreen=\"\" loading=\"lazy\"    referrerpolicy=\"no-referrer-when-downgrade\"></iframe>"
    },
    {
        "Map_iframe": "<iframe src= \"  https://www.google.com/maps/embed/v1/place?key=AIzaSyD9AQGmDP8MkQdi9mHGDy3lMKQQ6Zj_kDg&q=%E8%B5%A4%E5%A0%80%E9%81%8B%E5%8B%95%E5%BA%83%E5%A0%B4  \" width=\"600\" height=\"450\" style=\"border:0;\" allowfullscreen=\"\" loading=\"lazy\"    referrerpolicy=\"no-referrer-when-downgrade\"></iframe>"
    },
    {
        "Map_iframe": "<iframe src= \"  https://www.google.com/maps/embed/v1/place?key=AIzaSyD9AQGmDP8MkQdi9mHGDy3lMKQQ6Zj_kDg&q=%E3%82%B7%E3%83%89%E3%83%A1%E4%B9%85%E4%BF%9D%E9%81%8B%E5%8B%95%E5%BA%83%E5%A0%B4  \" width=\"600\" height=\"450\" style=\"border:0;\" allowfullscreen=\"\" loading=\"lazy\"    referrerpolicy=\"no-referrer-when-downgrade\"></iframe>"
    },
    {
        "Map_iframe": "<iframe src= \"  https://www.google.com/maps/embed/v1/place?key=AIzaSyD9AQGmDP8MkQdi9mHGDy3lMKQQ6Zj_kDg&q=%E3%82%B7%E3%83%89%E3%83%A1%E4%B9%85%E4%BF%9D%E7%AC%AC%E4%BA%8C%E9%81%8B%E5%8B%95%E5%BA%83%E5%A0%B4  \" width=\"600\" height=\"450\" style=\"border:0;\" allowfullscreen=\"\" loading=\"lazy\"    referrerpolicy=\"no-referrer-when-downgrade\"></iframe>"
    },
    {
        "Map_iframe": "<iframe src= \"  https://www.google.com/maps/embed/v1/place?key=AIzaSyD9AQGmDP8MkQdi9mHGDy3lMKQQ6Zj_kDg&q=%E6%96%B0%E5%A4%A7%E5%8D%97%E9%81%8B%E5%8B%95%E5%BA%83%E5%A0%B4  \" width=\"600\" height=\"450\" style=\"border:0;\" allowfullscreen=\"\" loading=\"lazy\"    referrerpolicy=\"no-referrer-when-downgrade\"></iframe>"
    },
    {
        "Map_iframe": "<iframe src= \"  https://www.google.com/maps/embed/v1/place?key=AIzaSyD9AQGmDP8MkQdi9mHGDy3lMKQQ6Zj_kDg&q=%E4%B8%AD%E8%97%A4%E4%BA%94%E4%B8%81%E7%9B%AE%E9%81%8B%E5%8B%95%E5%BA%83%E5%A0%B4  \" width=\"600\" height=\"450\" style=\"border:0;\" allowfullscreen=\"\" loading=\"lazy\"    referrerpolicy=\"no-referrer-when-downgrade\"></iframe>"
    },
    {
        "Map_iframe": "<iframe src= \"  https://www.google.com/maps/embed/v1/place?key=AIzaSyD9AQGmDP8MkQdi9mHGDy3lMKQQ6Zj_kDg&q=%E4%B8%AD%E6%9D%91%E9%81%8B%E5%8B%95%E5%BA%83%E5%A0%B4  \" width=\"600\" height=\"450\" style=\"border:0;\" allowfullscreen=\"\" loading=\"lazy\"    referrerpolicy=\"no-referrer-when-downgrade\"></iframe>"
    },
    {
        "Map_iframe": "<iframe src= \"  https://www.google.com/maps/embed/v1/place?key=AIzaSyD9AQGmDP8MkQdi9mHGDy3lMKQQ6Zj_kDg&q=%E4%B8%89%E3%83%84%E6%9C%A8%E5%9C%B0%E5%9F%9F%E9%81%8B%E5%8B%95%E5%A0%B4  \" width=\"600\" height=\"450\" style=\"border:0;\" allowfullscreen=\"\" loading=\"lazy\"    referrerpolicy=\"no-referrer-when-downgrade\"></iframe>"
    },
    {
        "Map_iframe": "<iframe src= \"  https://www.google.com/maps/embed/v1/place?key=AIzaSyD9AQGmDP8MkQdi9mHGDy3lMKQQ6Zj_kDg&q=%E5%8E%9F%E5%B1%B1%E5%9C%B0%E5%9F%9F%E9%81%8B%E5%8B%95%E5%A0%B4  \" width=\"600\" height=\"450\" style=\"border:0;\" allowfullscreen=\"\" loading=\"lazy\"    referrerpolicy=\"no-referrer-when-downgrade\"></iframe>"
    },
    {
        "Map_iframe": "<iframe src= \"  https://www.google.com/maps/embed/v1/place?key=AIzaSyD9AQGmDP8MkQdi9mHGDy3lMKQQ6Zj_kDg&q=%E6%AE%8B%E5%A0%80%E3%83%BB%E4%BC%8A%E5%A5%88%E5%B9%B3%E5%9C%B0%E5%9F%9F%E9%81%8B%E5%8B%95%E5%A0%B4  \" width=\"600\" height=\"450\" style=\"border:0;\" allowfullscreen=\"\" loading=\"lazy\"    referrerpolicy=\"no-referrer-when-downgrade\"></iframe>"
    }
]