[
    {
        "施設名": "東大南児童遊園",
        "都道府県": "東京都",
        "市区町村": "武蔵村山市",
        "番地": "大南４‐１３"
    },
    {
        "施設名": "新海道児童遊園",
        "都道府県": "東京都",
        "市区町村": "武蔵村山市",
        "番地": "榎２‐７７‐３"
    },
    {
        "施設名": "残堀児童遊園",
        "都道府県": "東京都",
        "市区町村": "武蔵村山市",
        "番地": "残堀２‐２２‐２"
    },
    {
        "施設名": "大道児童遊園",
        "都道府県": "東京都",
        "市区町村": "武蔵村山市",
        "番地": "岸１‐２０‐４"
    },
    {
        "施設名": "学園児童遊園",
        "都道府県": "東京都",
        "市区町村": "武蔵村山市",
        "番地": "学園１‐７０‐５"
    },
    {
        "施設名": "三ツ藤児童遊園",
        "都道府県": "東京都",
        "市区町村": "武蔵村山市",
        "番地": "三ツ藤１‐３４‐１０"
    },
    {
        "施設名": "大南一丁目児童遊園",
        "都道府県": "東京都",
        "市区町村": "武蔵村山市",
        "番地": "大南１‐４３‐３"
    },
    {
        "施設名": "大南三丁目児童遊園",
        "都道府県": "東京都",
        "市区町村": "武蔵村山市",
        "番地": "大南３‐１１７‐３８"
    },
    {
        "施設名": "横田児童遊園",
        "都道府県": "東京都",
        "市区町村": "武蔵村山市",
        "番地": "本町４‐４１‐５"
    },
    {
        "施設名": "中原三丁目北児童遊園",
        "都道府県": "東京都",
        "市区町村": "武蔵村山市",
        "番地": "中原３‐７‐１２"
    },
    {
        "施設名": "中原三丁目中央児童遊園",
        "都道府県": "東京都",
        "市区町村": "武蔵村山市",
        "番地": "中原３‐２２‐６"
    },
    {
        "施設名": "中原経塚向児童遊園",
        "都道府県": "東京都",
        "市区町村": "武蔵村山市",
        "番地": "中原３‐３０‐４９"
    },
    {
        "施設名": "学園四丁目西児童遊園",
        "都道府県": "東京都",
        "市区町村": "武蔵村山市",
        "番地": "学園４‐３‐２"
    },
    {
        "施設名": "伊奈平四丁目児童遊園",
        "都道府県": "東京都",
        "市区町村": "武蔵村山市",
        "番地": "伊奈平４‐１８‐１"
    },
    {
        "施設名": "山王森公園",
        "都道府県": "東京都",
        "市区町村": "武蔵村山市",
        "番地": "三ツ藤３‐２７"
    },
    {
        "施設名": "雷塚公園",
        "都道府県": "東京都",
        "市区町村": "武蔵村山市",
        "番地": "学園４‐４"
    },
    {
        "施設名": "オカネ塚公園",
        "都道府県": "東京都",
        "市区町村": "武蔵村山市",
        "番地": "緑が丘１６１９"
    },
    {
        "施設名": "大南公園",
        "都道府県": "東京都",
        "市区町村": "武蔵村山市",
        "番地": "緑が丘２５４２"
    },
    {
        "施設名": "十二所神社公園",
        "都道府県": "東京都",
        "市区町村": "武蔵村山市",
        "番地": "三ツ木５‐１２‐５"
    },
    {
        "施設名": "向山公園",
        "都道府県": "東京都",
        "市区町村": "武蔵村山市",
        "番地": "神明２‐８０‐２"
    },
    {
        "施設名": "伊奈平公園",
        "都道府県": "東京都",
        "市区町村": "武蔵村山市",
        "番地": "伊奈平５‐８４"
    },
    {
        "施設名": "野山北公園",
        "都道府県": "東京都",
        "市区町村": "武蔵村山市",
        "番地": "本町５‐３１‐１"
    },
    {
        "施設名": "経塚向公園",
        "都道府県": "東京都",
        "市区町村": "武蔵村山市",
        "番地": "中原２‐５０‐１６"
    },
    {
        "施設名": "中原公園",
        "都道府県": "東京都",
        "市区町村": "武蔵村山市",
        "番地": "中原２‐２１‐４"
    },
    {
        "施設名": "大南東公園",
        "都道府県": "東京都",
        "市区町村": "武蔵村山市",
        "番地": "大南５‐２‐４"
    },
    {
        "施設名": "三ツ藤南公園",
        "都道府県": "東京都",
        "市区町村": "武蔵村山市",
        "番地": "三ツ藤１‐７７‐１"
    },
    {
        "施設名": "総合運動公園",
        "都道府県": "東京都",
        "市区町村": "武蔵村山市",
        "番地": "岸３‐４５‐６"
    },
    {
        "施設名": "プリンスの丘公園",
        "都道府県": "東京都",
        "市区町村": "武蔵村山市",
        "番地": "榎１‐１‐１２"
    },
    {
        "施設名": "さいかち公園",
        "都道府県": "東京都",
        "市区町村": "武蔵村山市",
        "番地": "学園４‐５‐２"
    },
    {
        "施設名": "後ヶ谷戸運動広場",
        "都道府県": "東京都",
        "市区町村": "武蔵村山市",
        "番地": "三ツ木３‐４２"
    },
    {
        "施設名": "入り運動広場",
        "都道府県": "東京都",
        "市区町村": "武蔵村山市",
        "番地": "中藤３‐２７‐２"
    },
    {
        "施設名": "小山内運動広場",
        "都道府県": "東京都",
        "市区町村": "武蔵村山市",
        "番地": "岸２‐１３‐４"
    },
    {
        "施設名": "赤堀運動広場",
        "都道府県": "東京都",
        "市区町村": "武蔵村山市",
        "番地": "中央４‐３２‐１"
    },
    {
        "施設名": "シドメ久保運動広場",
        "都道府県": "東京都",
        "市区町村": "武蔵村山市",
        "番地": "残堀２‐６１‐１"
    },
    {
        "施設名": "シドメ久保第二運動広場",
        "都道府県": "東京都",
        "市区町村": "武蔵村山市",
        "番地": "伊奈平５‐２６‐１"
    },
    {
        "施設名": "新大南運動広場",
        "都道府県": "東京都",
        "市区町村": "武蔵村山市",
        "番地": "大南３‐６４‐１"
    },
    {
        "施設名": "中藤五丁目運動広場",
        "都道府県": "東京都",
        "市区町村": "武蔵村山市",
        "番地": "中藤５‐７‐４"
    },
    {
        "施設名": "中村運動広場",
        "都道府県": "東京都",
        "市区町村": "武蔵村山市",
        "番地": "本町２‐１２‐１"
    },
    {
        "施設名": "三ツ木地域運動場",
        "都道府県": "東京都",
        "市区町村": "武蔵村山市",
        "番地": "三ツ木１‐１５‐２"
    },
    {
        "施設名": "原山地域運動場",
        "都道府県": "東京都",
        "市区町村": "武蔵村山市",
        "番地": "中央２‐８５‐1"
    },
    {
        "施設名": "残堀・伊奈平地域運動場",
        "都道府県": "東京都",
        "市区町村": "武蔵村山市",
        "番地": "残堀４‐２１‐１"
    }
]